,0
0,6535.154652255467
1,8435.5535815822
2,8969.725533007306
3,9207.923080806959
4,10046.676172468391
5,3331.8372286442573
6,4098.108642516821
7,2709.6770083910815
8,468.6177918248868
9,1464.322147651652
10,30.99384643416488
11,-118.69018368750403
12,91.81297081225784
13,1178.999669848985
14,1623.2197455071619
15,1957.6385541295567
16,1293.7660268598047
17,129.57452711137375
18,4395.984657949048
19,5302.935969737118
20,2977.4303407995867
21,1327.6536838876527
22,3943.600927511845
23,2560.008568037665
24,1547.5939584164225
25,10853.263702965492
26,11182.1901563837
27,10335.993165407082
28,9289.747036131623
29,1009.6809105520842
30,1543.2928845775205
31,480.76136547785063
32,1105.406900188089
33,478.2852185245174
34,2394.9055158828633
35,2685.5865073816567
36,4049.299578388789
37,1945.2766467583242
38,2496.5332118682018
39,1365.0092912299042
40,1226.3901164685267
41,1874.4381014338433
42,2182.3023894589605
43,623.6639166029454
44,1457.106333629683
45,965.4278000092017
46,10196.761009099106
47,11485.959924774024
48,9044.323101502589
49,9580.463473612097
50,6411.458958123723
51,4360.818405086018
52,2910.7586432923526
53,3587.055574695376
54,3410.5930776844143
55,2375.273166508836
56,3710.0317134885736
57,748.0248569000578
58,1312.0194661356072
59,945.9519217987508
60,-223.58050973885838
61,355.0481342053645
62,7699.177225717482
63,8994.496855496323
64,8495.672829794341
65,8199.654790707042
66,659.7400237468792
67,1260.4134701643598
68,50.0777607145028
69,680.9074659090547
70,-196.50497723826265
71,272.4807725697283
72,4436.7143509689595
73,3013.540552964332
74,4453.582517683593
75,3576.3682364568085
76,2264.1266150640186
77,2795.8374605955723
78,2361.370488260949
79,2500.0460220208915
80,2867.484189387087
81,1276.0591742752767
82,3046.1966032807613
83,2329.517536026
84,1616.1148760644137
85,2193.8619332814815
86,3444.1948892674955
87,1909.0141930677237
88,1470.3084906586373
89,2166.0403562654137
90,10096.579462162901
91,7702.240132056155
92,9878.735752943176
93,580.5070860513733
94,923.6431201851665
95,-550.5826769695959
96,90.11626001563491
97,-771.1529064440983
98,-193.1048561897005
99,-1184.403487298092
100,874.3564597771365
101,-589.0616224747828
102,109.136882166953
103,-1054.5798722854124
104,-486.83798849072264
105,8622.694155507656
106,12590.988758813115
107,11738.603755260576
108,10698.091573006666
109,12351.055364389083
110,2859.453963845728
111,3721.8588545053826
112,-961.4189146681747
113,-1401.9760635342645
114,-2494.882717430897
115,11461.970204886818
116,10052.469068299582
117,904.2741417435682
118,2755.8262345516887
119,1432.6812727460238
120,967.1496598575432
121,3297.497579482795
122,951.1064011855924
123,199.15182578205713
124,948.4750960510828
125,-57.97267705097329
126,363.13654057674285
127,9430.083235140126
128,1245.900753334885
129,-2236.9382506420116
130,-568.5139043867421
131,-1516.9471447575015
132,-997.3341369480586
133,7791.917095184697
134,1229.204878573386
135,-216.42166769234973
136,481.5592792929492
137,10572.80245989211
138,10903.098424780068
139,3482.027045116225
140,1803.6819347438395
141,2329.571193257805
142,1418.4363867801585
143,386.64454504961395
144,65.37909290628886
145,2860.280210586876
146,3875.7667503695156
147,-25.226042778132978
148,-2246.417728416709
149,-1530.1217999993642
150,-665.2495471085495
151,-2885.7615941898875
152,-460.5844884329417
153,1015.5220390913018
154,1010.426499403442
155,1834.6955377339145
156,687.9127118174729
157,1145.842335367146
158,2053.203976794379
159,861.7482197044847
160,1438.9647322815035
161,2074.7655585467764
162,1025.5785701986242
163,1313.4400707041605
164,1706.4956266008594
165,2248.486006265244
166,1634.781903222778
167,1075.4484805214997
168,3094.1418169135977
169,1553.3885011031562
170,1652.879997556949
171,396.1047392758701
172,4037.2078195113463
173,1500.7755517541373
174,1643.4885618660555
175,782.7986934555956
176,1935.2806629710503
177,8538.371515265797
178,9010.975407044964
179,4886.967404913194
180,3629.7409922138177
181,4338.482377303593
182,11087.53909646482
183,10171.124971096155
184,8620.20261027044
185,811.1908976918749
186,1941.6830494792885
187,1076.006810478193
188,78.95201666747744
189,672.8464245643336
190,304.7539128710705
191,740.2105811002948
192,1182.4271558467044
193,-650.1337869902127
194,-26.327371072729875
195,255.48986947617595
196,499.63639243505895
197,1103.5910325961086
198,-171.9127961862032
199,1146.6810757316598
200,79.91417947591253
201,763.884478043452
202,-312.961023942451
203,7424.842437977477
204,8815.494333593244
205,8271.02975188402
206,9267.12217001721
207,6563.9398005173025
208,8347.457074063816
209,-621.7720189252177
210,-279.3235605383561
211,-688.9796200033052
212,-1096.6966698228098
213,1173.3951004882947
214,224.83557106718945
215,10853.840360360979
216,9962.554584799922
217,8589.612503347147
218,8466.545113969485
219,5111.616083763121
220,10837.763004907365
221,10243.10554838744
222,1422.46920156536
223,503.8631268919635
224,-535.2370820810211
225,-50.525847586108284
226,2779.2858591086297
227,3198.2325018093215
228,2255.5705531675267
229,2822.887403842942
230,-528.0680728684856
231,217.1416304458362
232,525.2082108388095
233,-1047.9018470291012
234,-116.97331878475597
235,-634.7520753669996
236,8941.503884751546
237,6624.377746697988
238,12415.730186141182
239,11444.189350021692
240,10541.075485668787
241,-218.2192655572071
242,-1856.378447778061
243,508.0632991281891
244,-965.3010678706378
245,-210.6371862414744
246,-1284.9581853103227
247,-696.975868037327
248,8886.268265234423
249,2946.3512327160133
250,3137.6507605354127
251,1324.6953597614483
252,1881.811466927982
253,11232.516576221662
254,10297.920153621764
255,8780.384034910167
256,9399.781730197781
257,171.64027909111974
258,-410.7503861988989
259,1096.782986413411
260,-306.9100245674563
261,-746.3617676722606
262,-110.80930772249121
263,9993.743344383454
264,10345.884774974662
265,10108.963217333772
266,11441.426512891396
267,9754.255381748157
268,3273.053445384936
269,3987.5093706599
270,377.8469139765075
271,1208.9131638936815
272,-153.18656083090173
273,508.74452565194224
274,1.3268831763562048
275,703.3181394653111
276,698.8207910918609
277,1071.4905728195918
278,-489.1926455217472
279,192.98982836556388
280,-210.06118443506784
281,5578.608712437566
282,4349.069607042697
283,132.4007569391797
284,594.0663203910772
285,12749.010602641605
286,11902.900842627949
287,10416.73344983591
288,7363.53475448153
289,7527.671465148676
290,9107.875223919575
291,8204.159867332131
292,97.88490403670949
293,-706.2052746115623
294,-1894.2015029988033
295,-1322.6125157440983
296,-586.4231193121595
297,-1093.4092111623504
298,-570.1795851122952
299,692.7547658037547
300,7.575506122211664
301,-1007.5893902137468
302,-1285.5471914604677
303,-739.2310912471003
304,1706.665978952944
305,3751.682819171736
306,2353.8315361336026
307,2931.8587685721795
308,7625.681085585231
309,8155.403830472151
310,9192.35304599359
311,248.77759130701816
312,1039.783712396711
313,229.96807085152614
314,-256.41389260056894
315,4267.51370936694
316,2491.0975939689415
317,1927.0813381155567
318,681.9258212871209
319,1897.4178362148232
320,1447.4635173106908
321,4894.96910966625
322,4168.082535964233
323,11467.798452625162
324,9072.241634569189
325,9658.95530205582
326,5271.0253699245695
327,4035.6632356790724
328,4587.838150425228
329,-310.7052300582509
330,-2055.6764968007374
331,606.3612063906112
332,-789.3926978531199
333,-1114.3453648353498
334,-652.1375167922452
335,4740.458729974736
336,4001.0406553089524
337,5697.739879146156
338,4987.898373086591
339,1311.3153653517038
340,1756.1962487700548
341,2064.6212282811284
342,656.8371066029758
343,1245.1777448240755
344,274.6756197833638
345,12965.642874074803
346,12030.891268876312
347,11067.668066078048
348,10466.576324810421
349,11049.4410849402
350,5698.71815526902
351,4214.923239044456
352,4981.087288820498
353,4052.249634704578
354,2630.7184855509477
355,2975.9609853456896
356,3399.784744730172
357,3816.3308167033792
358,2848.530605179516
359,-377.4643425241775
360,47.02282365604697
361,-1860.2615383538832
362,543.4978618956266
363,-1061.5371946574196
364,-374.8053555259903
365,-814.1986719395572
366,11868.44878707417
367,12857.262335032303
368,11873.343275344292
369,10999.828561588953
370,10170.06008996241
371,9033.034718447096
372,8863.801219840025
373,9159.166834395495
374,3035.5285208264395
375,4111.397733541733
376,2618.5712781580914
377,3404.227449975926
378,3802.458890166763
379,2886.213985735729
380,3536.736487439186
381,10779.48688003217
382,10803.338440727586
383,12666.786226087945
384,10836.44341898906
385,11268.821787291636
386,5647.023707904595
387,9790.065394472935
388,9969.347297911821
389,8455.380886051229
390,8771.692882209278
391,5391.862592531015
392,9655.555822073875
393,4160.193630532442
394,12271.440023064055
395,11229.638732236146
396,10325.134941638094
397,470.4737398390025
398,997.9634929950444
399,943.9756594894352
400,-159.34651642890822
401,-454.29938473743096
402,40.9585516185507
403,2189.145901054293
404,1626.3854045483713
405,1270.182997631091
406,1774.267845705188
407,8080.303361129299
408,9463.86233245685
409,783.4364335730061
410,985.063745492942
411,1772.492997822901
412,347.78053962685226
413,930.9396179703981
414,533.0997275934424
415,7259.276325444182
416,8760.005958772184
417,7752.769475088833
418,1037.7594360673975
419,3178.5250421861965
420,1805.2861544319894
421,1370.9813530003885
422,1627.2561674220487
423,2451.919542167405
424,1066.3262615928725
425,3474.4293007442175
426,1898.743831404212
427,3616.004376328823
428,7991.569958650653
429,11147.653670406113
430,10364.616163110184
431,5724.316019088103
432,4783.589640211569
433,712.7034453355118
434,274.9211549274514
435,10934.985949600896
436,8649.244345299663
437,9098.260549490878
438,10912.61357205637
439,9889.22477059858
440,8527.320410207118
441,9082.462852486966
442,2740.3878589745873
443,1324.7686613641235
444,3549.355690368404
445,2117.795213794463
446,2789.294471180787
447,1683.4942100404041
448,9439.276414049462
449,10084.380881037669
450,10492.218317601933
451,9583.749944762632
452,10637.072562473144
453,2394.742458651901
454,2991.5666365180077
455,2827.630882221063
456,3204.212674174796
457,1925.9250126241932
458,2507.781606248016
459,10221.5589074594
460,12146.16860610212
461,11196.912952894667
462,10195.539292360641
463,9667.25780210684
464,10285.313243870212
465,2084.088802772425
466,2677.890130170468
467,1540.377607573566
468,2290.4275652361794
469,7852.670900331341
470,8959.904631646052
471,2082.436661226544
472,1278.3755812723175
473,2037.043663341985
474,1561.017319231847
475,9888.085000831372
476,11979.248810161067
477,11011.57310783163
478,1250.517558435149
479,2169.323339407656
480,620.4958640722143
481,1251.1403138091337
482,149.7828218513423
483,8427.696085521133
484,7112.869817207611
485,7601.787278863008
486,9100.54098931561
487,3620.036539780711
488,4276.184466792267
489,3188.1613780004445
490,3601.189545231904
491,2136.8925078789107
492,4056.887275721201
493,2578.445425301805
494,2713.466957703862
495,3157.8262182439794
496,3641.423547904309
497,2156.0896626558133
498,2838.976320901482
499,2347.171573841417
500,2881.694382120677
501,3436.218883607544
502,1519.7365424711024
503,2961.9327522291023
504,1762.350634992199
505,6025.602476589695
506,12491.236777977936
507,10148.961640245125
508,10654.454880771416
509,1010.9323830017165
510,-60.18371643599676
511,273.6929639704467
512,1194.2861667122015
513,629.5808076482826
514,666.184539094138
515,-1646.1357575901457
516,-431.0026044765873
517,229.17584195255768
518,-828.8963405962459
519,10700.677440723275
520,8342.825485511596
521,2856.271308859101
522,3731.6950885357874
523,10041.805966283197
524,4104.277063892052
525,2525.7206080345422
526,3665.637940707191
527,751.2850529109382
528,1276.2095967937603
529,804.0840235080796
530,-365.565732976047
531,312.992670174408
532,1200.0586681959212
533,1809.692803198337
534,865.8870415516503
535,1350.4073816155396
536,348.250197636291
537,12940.37598990472
538,12080.704946693793
539,11186.773231189898
540,9110.88251460471
541,11566.891022581944
542,9094.357595915964
543,7744.816127956088
544,8811.11199111582
545,9853.094216775662
546,11267.021136068635
547,12699.415952300476
548,11738.482687692422
549,10189.904811229952
550,9484.517040117651
551,11160.197349851738
552,10245.852703234901
553,9290.45391758201
554,10781.184531342495
555,8344.298908008826
556,9077.633124697517
557,4311.3294775663635
558,3830.9011875114265
559,5067.966343496217
560,3584.1450295848626
561,2047.5523352434357
562,2027.2163670993068
563,269.69420985492616
564,414.49944386653806
565,1444.4765804168746
566,-566.0379844472882
567,1320.7206971278902
568,-539.6302071834507
569,121.8841809268124
570,3018.15953197025
571,3498.889080259698
572,4015.1974157078403
573,2502.0589309433744
574,3086.0771863599875
575,2447.481959805431
576,2672.4179849253233
577,10535.190863182479
578,8436.221467543328
579,1229.6851696394187
580,1694.8427306211233
581,137.85773159199744
582,972.1940948337287
583,1334.233062806281
584,-156.4669105992325
585,4046.277382532422
586,2774.7463078867586
587,8813.617250880623
588,2192.801662906888
589,4261.778800588556
590,3476.2704733353094
591,4359.30762284029
592,3685.3406190969545
593,5247.103675426217
594,3854.459407420949
595,485.2050752340474
596,2943.0066944268474
597,1692.6356989370179
598,2196.4079370148465
599,9621.64046630905
600,7278.911055135679
601,7608.98342630715
602,9234.089959588735
603,7015.915393502415
604,2676.8677927587305
605,8994.039682733353
606,2009.2877272674777
607,2615.9402458464792
608,1444.1541688748002
609,1780.3752857982217
610,1094.899143246137
611,-675.9235411975642
612,2014.5249576909227
613,250.0880322964622
614,826.814882401497
615,3383.506486974533
616,2515.7707132485557
617,6263.48474398036
618,8102.269662443214
619,8640.096224317054
620,10541.107353390014
621,9572.047145144217
622,2766.721412812036
623,1699.6820527545497
624,2067.8752691998016
625,1805.6754109152462
626,1836.9770747449365
627,2325.0962594449447
628,2666.131577761793
629,3000.6541351122432
630,1915.098634488255
631,4490.4425559925585
632,5262.379606452461
633,4150.15433298608
634,4326.671942905432
635,3111.0348626673076
636,2804.4072037246005
637,9668.477949364311
638,371.4005840121863
639,769.1401656225316
640,1773.130209011153
641,-174.48913456358787
642,1506.6952986101278
643,2003.7005438559754
644,2339.146004484701
645,1008.5933889730368
646,1659.4710091299603
647,1728.5499535399176
648,2091.1938161720573
649,268.68802255010087
650,1115.9197214696615
651,4188.623451326868
652,11170.405292210571
653,10287.012021675988
654,8744.177108641568
655,5572.6450422583075
656,4709.282421967619
657,102.88141273593283
658,547.4049346975116
659,944.257299130968
660,-433.04139066212156
661,-356.80368141352665
662,9351.796475035935
663,7765.476235602571
664,8895.437865059721
665,12712.857312561404
666,11959.139613073101
667,7496.286596131384
668,888.5752081880055
669,1330.8105286945283
670,1068.5646829084799
671,10934.4867885716
672,12019.757713455978
673,9236.10038505392
674,10250.456991348678
675,5732.457048769844
676,3865.8625493747168
677,7776.948648446854
678,1722.2211014955283
679,1865.4326121146478
680,59.84143866662998
681,491.80707062676447
682,11975.405024474754
683,12873.887355178742
684,12020.128390723936
685,10500.385168634202
686,11219.652571905974
687,2532.3624308353283
688,3023.898406526536
689,10852.734079922835
690,9941.628329896705
691,5376.638028253423
692,4204.235268573779
693,4590.671128873659
694,5267.618701949676
695,4028.3572736181086
696,3254.498615235774
697,4889.405679409156
698,3553.0936904948976
699,4147.861562430782
700,10483.049250688719
701,9495.978593349955
702,8098.612109093079
703,10141.560469277794
704,3296.116191456207
705,4164.469724857972
706,3413.813263697699
707,13683.608865258038
708,11870.63521719169
709,10431.971638264593
710,10915.593722575743
711,2646.5374890249404
712,1623.2757844784537
713,2168.2927567473816
714,7502.791586111613
715,4257.832115402543
716,7049.125823892005
717,-2437.7639034667736
718,332.06403449575737
719,-1392.0456980018535
720,968.4955976182719
721,-912.7559960066756
722,3182.670736185253
723,1719.5334151924908
724,275.5690694223922
725,-990.9294852904786
726,1146.611186176524
727,-121.14076706732885
728,3221.8630729807737
729,4003.239872514914
730,2731.949234492662
731,3547.976777260181
732,1760.786080883452
733,2500.988905299586
734,2819.906987361508
735,2260.5957718010322
736,3145.038155904578
737,2200.178340503935
738,1931.9855934102416
739,2048.3122139209554
740,37.01532729264363
741,2943.568658108499
742,8456.665595340386
743,9409.377550923702
744,3016.9523349302617
745,4946.418969126473
746,4094.821843657057
747,5536.409948807021
748,6452.490061270146
749,8238.283650630343
750,4118.093410646034
751,3095.753600961325
752,3669.061759440596
753,9553.417200708824
754,8952.647235216056
755,5400.866350844844
756,4347.016497203669
757,665.5427491450428
758,1094.765236223815
759,-15.078397099088761
760,714.0168058791278
761,223.47733183355376
762,8934.234326119436
763,12313.040246266175
764,10346.609077059173
765,223.57261308117086
766,950.2157459236623
767,145.57124501423095
768,-1310.9890389204375
769,-293.4593694585237
770,28.368629494303605
771,405.38840391077247
772,879.7612951607698
773,-662.9832160878432
774,-1086.8278196321517
775,2393.125145581489
776,1095.3533170199407
777,3260.594190194799
778,2290.299549710344
779,1892.4395079069254
780,6570.465038305974
781,2779.810712498336
782,1539.2073598456882
783,932.8364957866761
784,3698.9437102602387
785,4527.514766458211
786,922.269969226687
787,2554.6093399297642
788,-915.5136421544048
789,1766.7142153290151
790,1024.8428715491755
791,2408.9627077162877
792,2381.6951539650836
793,1968.8434896578437
794,2629.898095899316
795,1440.7253470093456
796,2190.423093815356
797,-844.3833815500293
798,-1568.9238174067686
799,1216.02316383156
800,-1821.048752190738
801,8878.514796011106
802,-64.25103574666718
803,-1725.7120479608675
804,797.0008568879275
805,-580.2983711165543
806,-1045.9457419636346
807,3941.4365283468032
808,3784.431127536831
809,4375.2652041938745
810,3847.408540721368
811,116.20430251881771
812,-1996.5374214992698
813,1031.4278553326694
814,-343.37174249850796
815,6289.288466634429
816,5633.528469934918
817,-274.18073916950743
818,92.66924101426048
819,-771.7513418506314
820,-774.2505003563238
821,2651.6100061646503
822,3076.565259837498
823,13420.179999866601
824,12130.489013928627
825,10869.382795955053
826,11069.27225757575
827,13443.453482187711
828,12391.147275819441
829,11290.39659339426
830,12072.303715851342
831,11022.960061436814
832,11439.777384490068
833,3990.723372905468
834,2114.8931572119145
835,2765.4924313404445
836,1748.3432603561669
837,874.8247085251533
838,1240.8357346477824
839,-153.70322360206046
840,409.6887424301676
841,-9.22971699102709
842,11590.901085107867
843,10743.494284611312
844,8739.561491664848
845,9954.669059694932
846,7429.873629126014
847,8143.317917426841
848,9344.542012194703
849,9159.675655116032
850,10501.272507814438
851,8075.271235478613
852,2880.5236614405767
853,3335.2835675370225
854,3632.0228551753935
855,2260.516804198858
856,2456.8363266089946
857,5731.4446911507075
858,6101.027473484784
859,8168.270527780252
860,9391.461869614224
861,7908.827813246986
862,5093.98584967944
863,3132.468138801323
864,3912.785165478919
865,9503.790279626606
866,2245.4703058298546
867,1676.0818241094967
868,2313.921133640557
869,-401.72092774503835
870,13621.964293580446
871,12705.597651048805
872,12407.423282353582
873,11290.146956450977
874,10294.84384764096
875,8801.400229813433
876,9424.771526826462
877,5780.322121846784
878,1792.658091459245
879,2273.2305108403634
880,1698.6446200992832
881,1243.2427258734715
882,4369.4280800466295
883,2805.7249221227285
884,3559.81455930421
885,10532.869418829136
886,8059.557634415294
887,7389.999394531496
888,8660.132867262939
889,8620.993614154082
890,6589.6584698528095
891,8213.799807239644
892,2640.2405414525965
893,843.3796275119057
894,7248.757144600939
895,8338.266793559396
896,9332.418274730546
897,2093.932651274179
898,794.2743417261445
899,2513.4357047653866
900,1060.1315640341782
901,1826.8219837853794
902,5963.4097332813
903,5242.931676975535
904,10038.116995996317
905,7825.480520502359
906,11630.714178771224
907,10763.003844010444
908,6251.843128145621
909,254.5295712301413
910,1145.915035896709
911,-265.33924837354425
912,-840.3142823853304
913,2462.5022462341985
914,3301.0153457456327
915,3459.9614800085437
916,2121.4660002319033
917,2908.9071426457267
918,1822.7851400299078
919,2297.1599215867063
920,12753.204069590445
921,11772.946727359653
922,11067.010864149934
923,10072.192331683358
924,43.06912469227973
925,811.2252998825934
926,-595.6404863907082
927,-894.4148287989628
928,-300.9335488800425
929,351.7806284913495
930,2302.2857735842663
931,916.139564222307
932,987.1126987358111
933,9435.10246814444
934,6868.931754543504
935,7574.760933577272
936,3939.375947076125
937,4834.2927916052395
938,3523.482074179832
939,4060.145313484725
940,2693.922647533367
941,3751.4616509490843
942,3393.9687528221
943,2799.708868404967
944,1735.3516751653515
945,2328.8986905089914
946,-125.95988129198668
947,584.1680997546537
948,-1189.636440178314
949,3765.0782152778156
950,3070.4431976152628
951,664.4507155558349
952,-1471.820089888879
953,2293.492797943796
954,-396.0059068151495
955,418.8652771400448
956,-164.792443800412
957,7827.918996267232
958,9494.645286497413
959,5114.911624418444
960,4497.4552532446505
961,11443.475728689797
962,12856.186652448929
963,11832.663440171067
964,10812.254773252309
965,10315.395852864967
966,3210.5044829883445
967,3711.98238039195
968,3153.106842966332
969,2098.272046748065
970,661.7968548320059
971,1070.7711018429945
972,-311.90586653805076
973,-241.50670351415465
974,1267.9559645816116
975,1572.4345178349286
976,1970.3354808545082
977,588.6023644238121
978,1218.189469526391
979,266.96733006014983
980,701.7609000549346
981,-282.02845827737474
982,295.4167326068091
983,-778.8933956100736
984,-196.13137452556475
985,-56.8238676236906
986,570.2664568561559
987,838.8896092486866
988,-581.7760652727084
989,168.4287052926884
990,-953.4886285602333
991,11357.30331952929
992,8988.595460298115
993,9587.207375612288
994,3405.7747403269786
995,3787.480940543628
996,4445.346258565194
997,3489.337392375215
998,3532.659727367529
999,3945.4609714980725
1000,2525.433967252502
1001,2404.5296767057043
1002,10350.727763553345
1003,8813.641795289099
1004,9427.33211850789
1005,9352.571545898401
1006,566.971421629587
1007,1462.95914881938
1008,-30.0573394674866
1009,740.6573572688394
1010,196.89847927712617
1011,8191.0703972343
1012,9524.534111412697
1013,3028.2576813379674
1014,1565.3015692018744
1015,3213.6109778779137
1016,2565.0419901222813
1017,3369.6071944506293
1018,1632.519176930462
1019,2158.3138511305915
1020,3757.571104410261
1021,2729.68257924472
1022,3126.5355844240767
1023,3741.9286657797966
1024,8546.139741782
1025,3944.5963461201136
1026,4065.1001255789015
1027,2922.556502341591
1028,3688.87829814856
1029,6662.363294148727
1030,-572.4386410512489
1031,-95.24056174705038
1032,-2317.9745476999233
1033,1589.3978988743875
1034,-1035.425368401935
1035,-474.60890420497526
1036,-1532.3749820760895
1037,-820.0100562603475
1038,3134.7198619878036
1039,4530.3454825591725
1040,3223.8866939267537
1041,3203.9088708748786
1042,3610.913627218786
1043,2116.0705111230855
1044,2755.9603054368745
1045,-658.1546652607394
1046,-13.954021110286703
1047,-2709.0743983241628
1048,1689.7387684770765
1049,-1229.781379447344
1050,-570.2452864390652
1051,-1518.2786313645774
1052,-1289.1117417728965
1053,3910.1119568182876
1054,2147.827570291749
1055,2504.5662286092374
1056,2860.6285147246817
1057,1076.3521666013476
1058,10196.630542253728
1059,7733.896826143908
1060,299.7117873504212
1061,-1970.4464592869917
1062,-770.9929326171005
1063,-173.57788091178372
1064,-1247.0848834025783
1065,-664.9385607896838
1066,1697.8537137175808
1067,2325.9314437485555
1068,2270.521850331472
1069,3446.630466105933
1070,985.9881794519824
1071,2366.217909521347
1072,2567.4248289726274
1073,7968.863329436579
1074,1520.5115463246802
1075,341.7769024352019
1076,2278.3983738020215
1077,3137.5125099635297
1078,3373.4340894608686
1079,2547.017421132663
1080,1984.028159864938
1081,3625.9812283851716
1082,4229.709405462858
1083,5816.762361509198
1084,4194.698704119026
1085,7127.994506087638
1086,3286.5077178719694
1087,2813.4116030969963
1088,9649.707759048244
1089,7317.363031317775
1090,1316.8127729051048
1091,232.91962606424931
1092,924.126006120252
1093,7708.524256246055
1094,11542.6528853209
1095,9915.773438024735
1096,10655.005136146492
1097,10259.998323384496
1098,8693.498139551273
1099,9384.658971212251
1100,8341.87296561632
1101,2168.29419036708
1102,2323.040776854159
1103,1338.0103849718616
1104,1878.558184127327
1105,5587.407084531787
1106,12041.781830833572
1107,10122.389641617057
1108,9661.853502406535
1109,11902.637427287733
1110,548.6628253765593
1111,794.3299106459453
1112,1017.5601008281592
1113,-928.9227094790913
1114,10779.170763614226
1115,12006.626935269707
1116,9596.305919654813
1117,9506.44364229258
1118,10472.463560646205
1119,7999.7350045609855
1120,1890.046623748076
1121,2321.0454868157212
1122,999.2786247166187
1123,1530.2291158654152
1124,492.0249807763721
1125,8249.28944023597
1126,9723.769682881386
1127,7234.835900493665
1128,8275.357927197365
1129,1111.821293575158
1130,1401.9515073150433
1131,637.2046416911762
1132,181.9924889295944
1133,2800.4818567994225
1134,3197.222674312685
1135,2460.777097355436
1136,1301.9689565749868
1137,1922.0630509819966
1138,3233.8935081047093
1139,1981.715932648527
1140,4609.243424699136
1141,2911.26356280706
1142,3755.3613401317525
1143,3021.2149188973963
1144,10368.740596226888
1145,8951.250504547112
1146,9398.264554627018
1147,7514.706398910705
1148,9902.168345779977
1149,8495.920440655453
1150,2576.626675364583
1151,2996.7856554143327
1152,1968.7852001917709
1153,2649.0671263528347
1154,1436.228306976609
1155,2126.2569733079617
1156,917.1577573356226
1157,8435.467889492233
1158,11373.818119538415
1159,9835.9311617417
1160,10507.258813369855
1161,846.8054613467539
1162,931.7262133269505
1163,534.0466531770289
1164,11923.488968055362
1165,10834.467763494305
1166,9997.879827793466
1167,3040.8594549120025
1168,3690.420171042286
1169,2320.213818310429
1170,2656.3761623064383
1171,3029.78424670656
1172,1244.4968511407424
1173,9567.989822512303
1174,7188.923946655217
1175,2952.6672616110773
1176,2855.960872202777
1177,2155.994656396517
1178,1691.494041754424
1179,632.0020499853163
1180,1241.4507978570837
1181,992.1577347125385
1182,570.1800101095105
1183,2741.215826793108
1184,3400.680191166801
1185,5239.27672397449
1186,128.06625262239686
1187,760.6533204803563
1188,442.98452320209253
1189,374.8194945741452
1190,-168.38140095968993
1191,-210.62208477128297
1192,5383.008494433248
1193,10687.930235326798
1194,2338.9303281525426
1195,2128.3936533428277
1196,1317.637296407207
1197,300.8349526915081
1198,757.2763754619227
1199,-556.1938432333191
1200,-669.1994301959603
1201,-139.3428463998098
1202,4059.8198323350807
1203,9215.078375286106
1204,9535.566977249906
1205,8034.667524745153
1206,2767.142507699831
1207,3135.1118296038258
1208,2683.063520207281
1209,8844.188303778446
1210,1966.6139870749976
1211,1099.9126392047365
1212,-171.0708062207741
1213,4930.593904218149
1214,3657.6701495925263
1215,5096.929700547356
1216,3591.645544798357
1217,2155.529084269372
1218,2653.32232139213
1219,9607.987255077333
1220,4737.586996994218
1221,3402.8843846888376
1222,12384.80244045744
1223,13277.399358093002
1224,12428.59195666957
1225,11411.030986894493
1226,10671.045076348339
1227,8163.638891909359
1228,-289.3810598167038
1229,-1994.7868137313453
1230,279.44386171456426
1231,-1071.5780080520017
1232,-494.1620830203792
1233,-917.9484022863544
1234,10871.036596147538
1235,12100.012772012991
1236,9555.870711435538
1237,529.0121279159721
1238,1097.3677383412542
1239,558.6270963572715
1240,4880.348048930926
1241,3362.8136582103034
1242,10721.519640681601
1243,11739.177233546876
1244,10666.217620003014
1245,9214.47749258429
1246,1576.3478966338262
1247,-811.6387605894815
1248,2370.891449464616
1249,1765.9404931437275
1250,8784.71031615735
1251,7873.942071653084
1252,2970.3956585995984
1253,11190.863200803737
1254,11770.599309842048
1255,10290.023436218298
1256,10898.815340155827
1257,889.3705556184141
1258,1666.917328978816
1259,974.2909485946184
1260,24.58694597935755
1261,3084.240403431795
1262,812.0581138766502
1263,3488.3171278254595
1264,9254.746690342938
1265,8387.134785103692
1266,9195.011112124936
1267,2433.3878654227847
1268,2872.8074662770778
1269,1777.9888597538302
1270,2481.341960762562
1271,1458.4007295002557
1272,3114.888450794082
1273,820.4986432709884
1274,3381.5167503977427
1275,2080.300571070886
1276,2648.7753091396335
1277,2921.3448571830377
1278,1688.010699047034
1279,2274.747566174108
1280,5939.095437131848
1281,4716.746448024336
1282,12072.724567013007
1283,12940.452166802212
1284,11920.399260395132
1285,10525.337203641713
1286,11067.552752890057
1287,10013.282166881572
1288,9983.5037878219
1289,1331.543246211495
1290,-1924.9891692347373
1291,562.8412613486944
1292,-779.6390877258746
1293,-202.95685026001593
1294,-1203.6015735546534
1295,5588.534717078652
1296,4265.476563294978
1297,11269.832897047292
1298,11762.509397530537
1299,10281.530792071124
1300,10868.587634640297
1301,12036.224640283845
1302,11484.022850217034
1303,1118.145598511317
1304,1774.434000165198
1305,418.69978974734113
1306,-10.26354584667206
1307,12944.598046971485
1308,13685.256322798528
1309,12598.269716788885
1310,12848.396587806996
1311,12086.46154513661
1312,10995.301321234989
1313,11398.305891823547
1314,1376.9896043425906
1315,2159.4591605124842
1316,951.7014024617929
1317,1465.1494399982075
1318,480.77231985970866
1319,5012.853136217425
1320,3436.5424297989557
1321,4046.2708629582085
1322,11656.12208342153
1323,11890.616699672713
1324,2063.7113178422187
1325,2943.975616517233
1326,2095.8799370576453
1327,1597.6441104477235
1328,1552.0174536754676
1329,12971.273900663402
1330,13706.938627486898
1331,13153.858264760533
1332,11663.498120293334
1333,11343.990488935924
1334,11943.625795273663
1335,9397.630413888353
1336,10678.723243770042
1337,10702.858992573309
1338,2800.2341458554984
1339,3348.8167686852757
1340,1872.1013367321211
1341,2206.314255307363
1342,2946.554840275774
1343,8947.61948436228
1344,8105.082995502307
1345,4697.339339392547
1346,3992.615012275335
1347,2449.998353110408
1348,4464.056575651419
1349,3629.787639859718
1350,3679.4230934581246
1351,3334.602439866416
1352,2117.365632848094
1353,1438.975452780669
1354,10051.386482110522
1355,2669.0571150154246
1356,3631.6251855358714
1357,2133.2341581629735
1358,12207.72371137122
1359,9849.548217768388
1360,3318.5536325099565
1361,3773.5788182504984
1362,4108.6688972391385
1363,2636.982865128528
1364,3434.1937876523807
1365,-1408.6605112946454
1366,1318.9031681578417
1367,-59.184446419891174
1368,-451.92078538536225
1369,10540.296710741042
1370,11674.526800181879
1371,10766.441165089329
1372,9815.951539811125
1373,-1050.9341786248733
1374,-546.578828418129
1375,-3297.9400741286263
1376,-1379.053191011164
1377,2714.8960517309606
1378,3667.4377594897996
1379,2284.456422170362
1380,2943.8165165600185
1381,-112.60060066229926
1382,299.8062166468153
1383,852.905865874618
1384,-113.52108143415171
1385,2832.164786567013
1386,3782.7604606071836
1387,2285.8899122819566
1388,2911.187603168215
1389,8975.10105241694
1390,2073.3083841259468
1391,2493.5673380370063
1392,2248.1864087767863
1393,1949.79647441005
1394,910.4858741011994
1395,1515.2335869819872
1396,11582.965013771218
1397,3095.0492480575995
1398,7531.439882437324
1399,8978.61287716173
1400,6215.063437275323
1401,2413.636575205892
1402,2739.049824863294
1403,913.572506331886
1404,3086.6159687916697
1405,2431.8246832265577
1406,3745.6703829596627
1407,2318.435173190046
1408,4128.953360466134
1409,2816.3005096483284
1410,3447.380018950993
1411,8972.041089943814
1412,3917.664511575538
1413,2867.3044788352126
1414,4189.630060049818
1415,2784.870172857267
1416,3400.395876233426
1417,2207.9660470116505
1418,3159.055933058884
1419,1661.0442027539684
1420,1242.4602575897807
1421,1773.937239186951
1422,5525.117795253507
1423,3980.5751159604006
1424,4684.018150720443
1425,4887.526485858038
1426,3549.0213845496182
1427,384.8442491354035
1428,1126.0799258882107
1429,-205.15574985960484
1430,-613.4396523191172
1431,-46.49745260524287
1432,10840.04621983626
1433,8403.713253526992
1434,250.0617637556752
1435,699.9989192958965
1436,-864.269020370677
1437,1091.9677284622849
1438,-745.4386331733767
1439,2157.462911580991
1440,-404.0262765962689
1441,2537.9450052187785
1442,1030.4441046051506
1443,1632.5418912427886
1444,13006.999970178882
1445,11915.869215081566
1446,11111.636214687154
1447,11696.733368944699
1448,13197.834362606025
1449,12241.802947056762
1450,11164.291842742783
1451,11851.139605981203
1452,10656.998821633515
1453,11370.025813190117
1454,3157.914123256818
1455,3473.250811665195
1456,3906.176299995368
1457,2501.011916971718
1458,2565.778236195245
1459,3016.234688536206
1460,1844.887267056194
1461,1509.5900177323638
1462,2706.843861816873
1463,5080.017783389983
1464,2057.1282348712266
1465,927.7459242906007
1466,1408.9742263188273
1467,423.91117440966264
1468,67.82579529940995
1469,635.4164721891902
1470,10169.114138791612
1471,11984.602024618938
1472,8912.814522205394
1473,10175.809728243536
1474,7929.497744858243
1475,4909.398639680188
1476,3456.103872715379
1477,2901.7616861046117
1478,1356.6908073427257
1479,12315.386668606965
1480,11921.43062255444
1481,9832.232971945268
1482,10426.955530960364
1483,-126.28049610841845
1484,1949.2529565221448
1485,571.8299545787377
1486,8603.106201189152
1487,7745.483855750095
1488,8738.606545024846
1489,3364.8817480327234
1490,2048.5112717288976
1491,10471.379397889466
1492,10523.3495811253
1493,7914.7739394027885
1494,5522.431924716573
1495,8433.507320266384
1496,-408.19064648300264
1497,7175.202354221608
1498,8675.798133367098
1499,3550.199709492579
1500,2310.3759901887606
1501,3733.231865518428
1502,3618.562839215134
1503,4086.1384976879817
1504,2331.822140247692
1505,1003.1415518871254
1506,1682.519274760758
1507,2044.1016457897858
1508,2441.7531333282022
1509,1125.932541222057
1510,1740.9721062695244
1511,3725.143089330202
1512,3266.745706418056
1513,3939.2264142265813
1514,3333.254780166957
1515,2083.8552520407757
1516,4344.8513794620085
1517,2364.9534959601842
1518,1685.9049086477753
1519,2351.8600822318695
1520,1387.086679328415
1521,3669.1795061468692
1522,5509.004082577347
1523,954.9945315766345
1524,908.565737120658
1525,-625.3759591193011
1526,62.07104382792022
1527,7004.099553839351
1528,9954.465033936116
1529,7569.9916126522
1530,12135.274613878624
1531,10685.821889602985
1532,9295.493730132453
1533,4657.819118332285
1534,3992.223326437641
1535,11219.791944543247
1536,12208.395693264885
1537,11141.71810793313
1538,5041.88609535425
1539,3709.7551460477225
1540,4355.644591188215
1541,4059.4689000885883
1542,3400.72944112591
1543,1924.229332649531
1544,-276.8696100617926
1545,1935.265387822612
1546,6463.068764752272
1547,3415.3240266377143
1548,3630.990864391977
1549,11655.771776489373
1550,10768.972677528041
1551,-16.974353042052826
1552,-1771.4003586864856
1553,611.8465759032661
1554,206.08190750340873
1555,-929.7857460078085
1556,1610.615085569607
1557,-359.0299053440176
1558,636.6869720373943
1559,675.9065453510993
1560,5018.681769764989
1561,3580.1421247094404
1562,3863.4179732489247
1563,4281.785743082426
1564,3228.1135821083735
1565,9081.46646228838
1566,3053.650662462853
1567,9124.405129916362
1568,12133.091167869303
1569,11363.65284933962
1570,9889.161611445335
1571,9031.000259619588
1572,7865.239026942647
1573,4221.282215249001
1574,1909.4506079993334
1575,2453.720766979488
1576,3138.3300101276873
1577,1087.1924278360384
1578,3316.8212244016977
1579,1909.2065975370315
1580,2705.7476453455783
1581,-20.958973341705132
1582,-1075.0384082672717
1583,-1509.478525696817
1584,-990.2366459252335
1585,3865.0057040780266
1586,4182.383231194581
1587,2634.62448334663
1588,6108.57682773329
1589,11603.92897715542
1590,10758.354689675283
1591,9214.411056550009
1592,9740.126074463678
1593,6157.850411578085
1594,5334.733728508483
1595,10760.562538288088
1596,1391.6986884771031
1597,1503.7025589396108
1598,1851.4498780241447
1599,229.31457502826743
1600,12383.140862835216
1601,11071.194441484462
1602,10019.007208032835
1603,10720.666950156554
1604,1566.373451444022
1605,1078.9123742214651
1606,2450.33501588698
1607,1169.6056903608114
1608,1806.4431151591016
1609,584.2709782391939
1610,11911.644547752952
1611,10547.053264984983
1612,10979.44385706215
1613,9492.235415808267
1614,7045.405046239535
1615,2483.0185518302096
1616,3036.4901353506175
1617,1612.029636929692
1618,3335.970515289806
1619,1955.6613205966205
1620,2079.3611048604143
1621,3174.052002453518
1622,2745.471627036455
1623,1784.4482731963217
1624,2331.781747487894
1625,1247.5615199970089
1626,1592.6812100251227
1627,1932.9296233278874
1628,486.1988029238746
1629,1190.1967851825866
1630,145.8178076546974
1631,828.6349227261562
1632,11590.071041509773
1633,10634.711645507718
1634,10994.601941421635
1635,9859.08089671762
1636,11755.626969238803
1637,10824.191982648035
1638,9522.933238869256
1639,2862.942377300642
1640,3202.8979689420157
1641,2339.6627585486567
1642,2826.5040236447967
1643,2355.497992397297
1644,1676.632349873351
1645,2164.9380598794196
1646,-352.2909196518958
1647,2576.798335418862
1648,1122.3551734393222
1649,3465.195993736186
1650,7561.305876633811
1651,7057.231720725074
1652,2167.224573145555
1653,2535.118503752965
1654,3872.1801058135025
1655,4873.272046755512
1656,3404.070669277742
1657,2634.680562124133
1658,3193.7476286387646
1659,3563.510274198372
1660,1669.3035495741897
1661,-466.1037604069934
1662,105.10716873026104
1663,337.17710991427157
1664,-1027.3885387585324
1665,-399.09313059790657
1666,-1446.182258135981
1667,-827.8266693015685
1668,8362.334321250026
1669,10793.186751399398
1670,11845.716213047928
1671,11189.179283022959
1672,9894.31539925688
1673,1658.3171688465409
1674,2186.936268229587
1675,2646.172261751435
1676,1858.7847020051668
1677,1242.1524603459657
1678,8211.942407113846
1679,4048.8394159180134
1680,2679.177326846948
1681,3323.979307023088
1682,3035.5165457214207
1683,3360.2136839394334
1684,3826.9950907008133
1685,3067.698967121167
1686,2060.317748614598
1687,9841.502655213415
1688,11369.042783981715
1689,10499.1571102076
1690,8974.60948509127
1691,-80.07885533561421
1692,1837.4042665548586
1693,48.955924399193464
1694,590.7463473821153
1695,3228.6181460587795
1696,3465.7294389960334
1697,3317.0718810455473
1698,1396.1526879630437
1699,1126.7932353664764
1700,1425.054320508938
1701,8317.67444967974
1702,3755.888122985052
1703,4584.226381549655
1704,212.49594878485732
1705,1278.5113131294565
1706,1240.2532583622124
1707,-179.29064744224524
1708,-582.2550987261784
1709,4106.29516383434
1710,4564.157781873197
1711,2126.630792438329
1712,2458.0885618247667
1713,1854.3779185055137
1714,773.4481804708194
1715,1253.050022829233
1716,9160.841046026417
1717,6781.4208468545985
1718,8990.0107782927
1719,2616.832493688391
1720,3492.8115061487406
1721,1884.0764028200647
1722,2637.2604007172886
1723,9195.97047811294
1724,10541.988206030286
1725,8032.474311643542
1726,125.23546804247962
1727,-394.36378766212874
1728,256.7601712221549
1729,-755.6569662282054
1730,-177.60815643829847
1731,-85.8801037471203
1732,-2609.26472247946
1733,237.33009501296692
1734,-1096.5814998114292
1735,12536.690045209247
1736,11209.50763860005
1737,11274.286404889883
1738,9943.183560312038
1739,10510.918632022633
1740,3286.4472586473166
1741,4606.679238443638
1742,292.48484468686
1743,847.657680936718
1744,2403.29835848698
1745,-171.2579646593549
1746,389.84527166304906
1747,-158.88373050902737
1748,11404.841498838248
1749,10018.647035808322
1750,4713.894984524923
1751,3923.991086108097
1752,10069.82829689956
1753,10168.05427441302
1754,8752.685574046885
1755,2414.66581671769
1756,2741.271477784787
1757,368.45670439213063
1758,6667.126706528565
1759,8214.726301311865
1760,11421.335337357052
1761,12844.109336171956
1762,11887.69999236848
1763,11549.313881509257
1764,10574.231867391176
1765,11167.263882056799
1766,251.71958686587095
1767,599.5854646411717
1768,1175.9380328727348
1769,-410.96289179968153
1770,-715.1852961070508
1771,12307.019795391696
1772,12398.247899523529
1773,9771.246863915454
1774,300.29553542674694
1775,1999.068694839032
1776,3593.436175685558
1777,903.8497817562129
1778,1699.2084135611476
1779,423.1585117906725
1780,518.6103726077781
1781,875.1704926097846
1782,-895.0102365960629
1783,1296.5667457787094
1784,536.5121120062395
1785,34.52392280980348
1786,3043.750263228256
1787,3755.1683223665095
1788,2541.9079536130703
1789,3291.1528849150345
1790,10617.306297838688
1791,11247.74492711633
1792,803.1839338513892
1793,1834.4133772034984
1794,2165.7305183718345
1795,2205.2939596740616
1796,-507.82618478468794
1797,1685.9492936255883
1798,1006.8736269287801
1799,-25.818016288088984
1800,452.7639122952605
1801,10409.184163936528
1802,8980.57185609957
1803,622.7942742949053
1804,1031.0431150392978
1805,1313.9941669229884
1806,629.284236491294
1807,-157.76038644826258
1808,3323.690704949062
1809,2768.10560513987
1810,3267.8937266725843
1811,8906.735418255103
1812,4368.2567697466475
1813,3704.700087326928
1814,3188.9472474438953
1815,3956.153110822921
1816,2508.51604441561
1817,3279.234918597238
1818,10563.02665693455
1819,9839.771854241419
1820,11751.465354007874
1821,10699.69286473592
1822,-1846.880321171946
1823,-779.2851902921539
1824,9808.35651147999
1825,8359.704418084148
1826,1745.4018609517843
1827,893.6224106197405
1828,2715.724230745149
1829,1161.431985916308
1830,1891.4284015108933
1831,706.3825381061542
1832,4606.734203736938
1833,3357.115102137508
1834,4652.290037209084
1835,8473.288599536274
1836,11951.190699897132
1837,10439.042354953659
1838,8945.110519832415
1839,1851.463302466611
1840,3677.406068952372
1841,1985.5737292577578
1842,2802.6611527492896
1843,2368.098324659939
1844,2206.644370047663
1845,565.6994271528893
1846,2070.037061667492
1847,863.6568055106436
1848,3698.4776279260004
1849,3162.997704935886
1850,3471.9553041364197
1851,11768.258571104572
1852,12738.591614611263
1853,276.62904195126976
1854,1164.3090430554876
1855,-301.37585980056247
1856,459.60673690760814
1857,4667.308548979159
1858,1173.8072796818487
1859,303.1382419534348
1860,-178.22498704575264
1861,3672.0879912958953
1862,2602.2305211294406
1863,4432.820271340373
1864,2963.4191255751393
1865,12101.801598357017
1866,11213.553807320024
1867,1190.2949153590998
1868,1557.2497945172436
1869,1840.83176678573
1870,583.6604694250673
1871,1072.6187128971906
1872,50.32171015903441
1873,1439.9098905914398
1874,2381.774148352837
1875,3233.924979800522
1876,3701.8210248397263
1877,2825.5826781026917
1878,2366.752930228191
1879,5510.17942626022
1880,4207.183875258881
1881,2228.2682547090153
1882,-391.4835468313395
1883,1649.0283902824303
1884,2307.498403998019
1885,-1036.8330048525568
1886,-704.6022151709185
1887,6.498448953232582
1888,-1709.936458517026
1889,-1145.2635272113585
1890,-138.65128750394797
1891,-1532.071040240502
1892,7450.408010679359
1893,8963.045692601692
1894,7532.810644701647
1895,9836.395796161363
1896,9044.945620710405
1897,3793.799974376423
1898,8986.830356680068
1899,9629.307481105949
1900,2515.5538007050745
1901,3274.588544866103
1902,-1321.8072211287363
1903,-880.0004595098108
1904,-1957.9663562155547
1905,-1325.712572642915
1906,3411.7789904040255
1907,4012.6437448277175
1908,4321.637141423907
1909,2959.1821888088925
1910,1325.0072982336897
1911,1820.9599968684051
1912,557.5293558002195
1913,11438.857755593554
1914,10547.948243573328
1915,9740.066924402778
1916,5549.322930075163
1917,4080.9470436468073
1918,4764.190802258912
1919,2183.91031786667
1920,2436.078107085308
1921,1222.6533507483982
1922,694.4418920420285
1923,1349.5570187061567
1924,4067.1660757431528
1925,2012.1304704000104
1926,2715.081492298912
1927,1598.6926836380371
1928,10087.142828078924
1929,4131.763896321227
1930,3457.7792911813776
1931,4170.972632117828
1932,4261.861278742275
1933,3437.1795336645155
1934,3088.721051374898
1935,1036.5143512797804
1936,3526.8152285809665
1937,3881.300936058138
1938,3210.024419923131
1939,3908.257198604686
1940,11047.608003471489
1941,12598.183584434852
1942,11568.976486350219
1943,10796.333569005134
1944,8759.439997695525
1945,-622.4182282925794
1946,-3017.070530965193
1947,112.83918209337207
1948,-1729.2041033781134
1949,876.0736752002849
1950,1367.3690561514231
1951,334.4372929041747
1952,980.8003559052122
1953,442.0964327159709
1954,7976.592630289018
1955,5169.899477088973
1956,4400.1931521810475
1957,8271.320415545666
1958,2717.9548653420607
1959,3522.508301315058
1960,2230.8473206741255
1961,2719.937663986024
1962,11455.189715331182
1963,11759.006956886047
1964,11076.537294428766
1965,10082.024582890941
1966,7578.248744189841
1967,8729.626718093634
1968,5340.330138969457
1969,11211.559347306009
1970,9720.227178461093
1971,3909.3914994742263
1972,2957.7778275899946
1973,3325.9668047854902
1974,4050.5444718044964
1975,10991.151866402657
1976,9596.37760240052
1977,10148.907233892704
1978,10010.608550532705
1979,7694.415395041706
1980,-500.53451614510413
1981,-884.5401376045411
1982,-256.27216766416313
1983,7607.379123730985
1984,9055.65808344676
1985,3657.892048557358
1986,2449.8283306665508
1987,-935.7605822536461
1988,-536.6770386663047
1989,-1977.581500298027
1990,-1339.9395394540225
1991,-2401.679076637647
1992,-1778.8670232460063
1993,5296.262471412585
1994,10289.190856967089
1995,9159.200223036656
1996,-140.2151439022491
1997,-1245.7057961515056
1998,-1482.1226799620235
1999,7956.05513490548
2000,9368.092881408265
2001,8476.280160161074
2002,3908.693341800583
2003,3821.673738065874
2004,2241.408725860343
2005,2981.2241133568787
2006,11770.702006517471
2007,13199.8779361289
2008,12645.881696472425
2009,11067.386573879154
2010,10752.959341763752
2011,11377.572704820352
2012,1092.9386302130333
2013,1481.916216655758
2014,1926.1553597281782
2015,459.3711575970665
2016,-21.988299255855964
2017,6236.593782455344
2018,1383.5371555275997
2019,-463.24871279173385
2020,1882.3844026559527
2021,452.2382670056468
2022,-44.64311901790643
2023,467.7645941227638
2024,-1083.431821750215
2025,1374.3216448408239
2026,543.5001917434274
2027,7804.871181218623
2028,8916.046730240581
2029,2430.287904226556
2030,10577.479237172365
2031,12393.150473238862
2032,12782.301838321571
2033,9054.445092231974
2034,10940.507093152213
2035,9650.281469393725
2036,3575.79193096617
2037,3594.065522334775
2038,2027.4650490088243
2039,1441.424208696826
2040,2766.987164674927
2041,1038.3927996107159
2042,1689.059650459818
2043,8929.583709112827
2044,2269.6342129501354
2045,851.5230469571216
2046,1464.020139646349
2047,1002.7078131025446
2048,-156.1765541868299
2049,3607.3211034170454
2050,3088.391633959065
2051,2083.2447909024886
2052,2660.9550478114143
2053,1669.7939021529928
2054,2205.8340986495677
2055,2983.649292207745
2056,3713.074049954721
2057,2910.7750491524785
2058,10935.141462035555
2059,12444.236922798098
2060,10730.657624515352
2061,10403.44967453334
2062,7936.190898315675
2063,911.24589038462
2064,1335.8053192478365
2065,1773.6858536167274
2066,248.28775643872723
2067,861.9508651285832
2068,433.00308994054285
2069,9037.839785759985
2070,6708.196257205866
2071,2011.0735076739766
2072,4053.124426920058
2073,-21.650947597554477
2074,2732.44315829645
2075,2088.6322990764384
2076,1046.82456286432
2077,4597.03805081065
2078,3234.8347432305018
2079,3947.67365301101
2080,613.1355376741922
2081,888.8198188065107
2082,1104.4725486079988
2083,690.1686355628044
2084,-305.02522504553417
2085,4023.54631795939
2086,3441.51590497723
2087,3993.5698874291375
2088,3575.8427521633675
2089,4378.4642345205975
2090,319.9315197312535
2091,-739.8550348369754
2092,1137.229629937232
2093,366.71925335572814
2094,-15.704947879854444
2095,9901.415451362864
2096,8482.141380151377
2097,9026.874442216551
2098,3987.7281413228484
2099,2999.2428267771465
2100,3545.2142858221123
2101,4097.725876550172
2102,1495.9416702883282
2103,3689.7366534460416
2104,940.4475755567073
2105,3241.931204303208
2106,599.8146043825727
2107,1275.3478839662603
2108,1801.4563824087709
2109,2262.442150368297
2110,2157.939828823157
2111,1783.301545958413
2112,8424.84506965983
2113,2008.5613015847557
2114,380.4851930438599
2115,974.41135901917
2116,3842.4275212177017
2117,4348.933338706771
2118,2975.579873462415
2119,4645.729703719429
2120,3174.1327365081524
2121,3753.33620462364
2122,12387.660328457141
2123,13563.704894541335
2124,11478.312834159518
2125,10997.159069016503
2126,11679.567292894037
2127,5570.779658125051
2128,4881.159270006527
2129,3396.4977701614043
2130,4136.261271888514
2131,9027.597444181345
2132,6796.9464297555605
2133,92.10133792029956
2134,230.63978228325868
2135,-501.9272611474953
2136,-826.6894033945064
2137,8627.58817917595
2138,-684.3604179755202
2139,1156.903530742904
2140,-1184.038277489184
2141,-565.811538528942
2142,12778.375934132224
2143,11780.46424305509
2144,10263.56891122237
2145,11827.811400480598
2146,6457.224470850964
2147,1076.286134410282
2148,1719.3656922823866
2149,1323.1965290058397
2150,87.06869505262148
2151,8629.725468485867
2152,10204.540048912857
2153,11530.115364303625
2154,10554.66407471561
2155,9062.489566286946
2156,8977.557864432125
2157,4442.90382412402
2158,3025.7851709158786
2159,8126.081107293303
2160,12305.053854043714
2161,10917.072267145655
2162,11521.11825229075
2163,7646.971062637287
2164,938.7896878355205
2165,-674.3923702720276
2166,63.70637570865438
2167,-948.8039472544115
2168,-282.08029995601464
2169,12676.735700867599
2170,11765.529754722513
2171,10324.06180454949
2172,10912.993517472678
2173,791.3770937850131
2174,1183.0762372297468
2175,-310.2741096980244
2176,464.17856660767575
2177,-131.3853122656801
2178,2546.3114279651563
2179,2192.1459766043627
2180,1018.8670800616164
2181,1669.33973904312
2182,1196.6074043757071
2183,3615.8099038524633
2184,145.59537733687102
2185,793.0200541300328
2186,1817.7222359018197
2187,296.89783751080176
2188,3825.463321469342
2189,4387.839574907288
2190,5159.270199894203
2191,3632.57796745222
2192,4356.072501232815
2193,11574.43220447111
2194,9252.544244850404
2195,9702.369870277511
2196,7985.4139950471945
2197,2070.188677872
2198,1497.0007298093042
2199,1993.5812379475137
2200,-779.8669238581133
2201,-86.0160710512173
2202,-832.581780715529
2203,-1916.3777533074135
2204,12866.459640399082
2205,2783.905193425544
2206,2257.327495598045
2207,1796.968258750352
2208,4802.160295325175
2209,4540.492680664567
2210,4152.655183511157
2211,947.8513649534034
2212,1397.308719539331
2213,332.72192108903255
2214,1146.067195758249
2215,-12.879904417037324
2216,617.744656779545
2217,3532.582596468841
2218,1261.4332661371227
2219,78.83117262788437
2220,-334.6086909889964
2221,899.1498689349719
2222,1364.4358270208468
2223,-177.63407895488854
2224,1657.1706271778166
2225,723.2416424049225
2226,863.2690499456257
2227,4367.496023551052
2228,3616.9733464261117
2229,9549.070749335544
2230,7434.1642908993745
2231,2281.04619124109
2232,3059.214458088267
2233,1852.2015269097174
2234,2312.902003733874
2235,3030.1111672828156
2236,3481.1916167212257
2237,2016.8681806092827
2238,2687.1830729152025
2239,3556.8334658396307
2240,11590.166287065038
2241,10103.097764730826
2242,10623.77505980387
2243,1003.9676846223374
2244,1317.2733807140467
2245,-128.77849156814045
2246,431.8916433660015
2247,11068.862268668412
2248,12180.821288518318
2249,10338.938081107819
2250,10850.944646517555
2251,10114.433330471194
2252,4229.500123451358
2253,10776.110157667843
2254,8375.71757014233
2255,8853.682815231452
2256,4273.323819059551
2257,3797.128013766509
2258,3993.6123375961943
2259,2936.1502122485
2260,1696.4068342631763
2261,535.8299847461021
2262,285.6503693914419
2263,787.6996867200542
2264,-100.56401014854782
2265,4586.671427385922
2266,3224.131569298581
2267,3795.83078234817
2268,11619.34592117149
2269,13039.45759487761
2270,12218.84400160932
2271,12458.370698697701
2272,11188.32162740807
2273,11744.82811059127
2274,10634.11732507246
2275,11159.484012881267
2276,11500.654025191
2277,10109.405137946125
2278,733.0850010725153
2279,873.0844169814445
2280,-643.7596934699068
2281,85.78049230242686
2282,3179.4596426773423
2283,1994.8362740820521
2284,9307.1247565765
2285,5769.067356796073
2286,4248.347213593246
2287,4988.701052426626
2288,-222.57454628637424
2289,-1750.697314963425
2290,464.6143827501546
2291,-839.019110786583
2292,-282.5381313816288
2293,-659.3981804627147
2294,3068.774452815567
2295,1980.8624449986492
2296,-58.740913318401
2297,2918.4054417112675
2298,1227.4732565315717
2299,1527.6293283630803
2300,2004.2311858098765
2301,644.041097032914
2302,1306.078008174034
2303,199.39816931153473
2304,928.9368953515623
2305,5361.327100790368
2306,3849.018973493243
2307,-784.9430194917113
2308,48.08811380751649
2309,-1086.8550111030963
2310,8914.220067490685
2311,5375.210791854439
2312,3996.67705171289
2313,187.0341920357314
2314,-2377.9562911073117
2315,430.4065728628375
2316,-871.7773594979517
2317,-708.992425980945
2318,4793.677108339583
2319,4297.833622118174
2320,3611.7999188559625
2321,3857.108155286871
2322,3754.915147812495
2323,1937.1175216166885
2324,4608.230708568441
2325,2561.330497737712
2326,2184.8455562363015
2327,2582.9298717495476
2328,1088.0224081903034
2329,2003.3564897736178
2330,7546.925590265233
2331,8990.19893891328
2332,1093.9704181415436
2333,1642.7460816679122
2334,2004.8452218290695
2335,688.3941640763005
2336,1209.4618230017186
2337,-98.52895871317014
2338,8448.86474092765
2339,9546.322108764802
2340,12657.277051243933
2341,5251.029327426066
2342,3218.596464228802
2343,3975.580849301081
2344,3197.5040648604518
2345,2267.656669201355
2346,2903.667022253092
2347,3406.652864511492
2348,2337.367392750937
2349,3004.5106816220105
2350,2497.0929798077086
2351,4655.622393659036
2352,4092.0400720085854
2353,8374.65654031944
2354,12170.122342531084
2355,11286.778236996037
2356,9116.990909888886
2357,8740.374168683782
2358,8091.318109948494
2359,4323.767861290038
2360,4806.0408967851945
2361,4039.6367832563337
2362,802.9633943438894
2363,1320.7530911012946
2364,421.61811150239737
2365,342.2676962827027
2366,-1232.18452632946
2367,-311.3553492188912
2368,1090.7644845678042
2369,40.77409753549364
2370,3299.287140272754
2371,3785.985768084687
2372,2608.775803805005
2373,3640.259143372299
2374,3917.8640750838313
2375,2673.275466546733
2376,2097.3315248309373
2377,2220.2877119641234
2378,2229.2093228018202
2379,2644.5427396404157
2380,97.06500338344995
2381,3175.01516121894
2382,-344.59440914944935
2383,59.12709288057158
2384,-1858.8913927792928
2385,-887.6406404006084
2386,-1285.5021081288942
2387,-676.8764475257994
2388,5626.849143786432
2389,3876.7177335414563
2390,4690.656438025115
2391,3304.9158005553036
2392,3860.630669722468
2393,11003.384108514709
2394,10121.979290073743
2395,9401.577423218485
2396,7142.168139315585
2397,3080.381527549933
2398,1842.4084815371098
2399,2992.7764795331786
2400,646.2563943960304
2401,-849.7053273605416
2402,-406.2807176811475
2403,-1980.2187421139824
2404,-2274.0132406609155
2405,6366.025952451655
2406,864.776513498753
2407,1273.818522933423
2408,-752.6115362710698
2409,176.19608244210758
2410,697.6083650613946
2411,324.2971274124757
2412,12450.9136218162
2413,10968.086033970927
2414,11624.645025769047
2415,3102.4934943322332
2416,2569.584418544673
2417,2129.8140283543435
2418,5702.9511247762675
2419,4919.327827542165
2420,8038.872259082036
2421,9458.591707054678
2422,70.30926212652776
2423,641.1676125071717
2424,-1501.3046735839707
2425,1058.576368924514
2426,-367.19046037586304
2427,-38.96466875118131
2428,-229.78374011329652
2429,10141.11423384362
2430,7613.093518365946
2431,2303.3743207361804
2432,1679.276949647654
2433,2247.8139703820525
2434,1245.0848680326162
2435,-52.51280818884334
2436,743.6928175462563
2437,-359.0307299337037
2438,9757.385995437813
2439,9163.420873590709
2440,2295.8880038254138
2441,2808.5212165195335
2442,1027.726763666462
2443,1683.0936213368877
2444,2601.317250927066
2445,2296.741766704152
2446,2746.782741254199
2447,3065.200203136479
2448,1957.723494206206
2449,12541.818219792929
2450,12771.813729333442
2451,11383.683122414985
2452,12155.193776761038
2453,10996.373732635038
2454,11652.960708569552
2455,3623.9780183891708
2456,5035.925482231523
2457,4424.3090554856135
2458,8826.697431170782
2459,9670.52416386249
2460,10112.92175159593
2461,8411.482811874164
2462,7255.432563929768
2463,10494.157214519977
2464,5695.245315114935
2465,5388.394517665645
2466,3522.5117185505696
2467,6461.5428120778415
2468,1729.8190244846737
2469,2692.605072316317
2470,1740.4516238898104
2471,746.0151388609083
2472,2893.392788136971
2473,2622.1302624717027
2474,3533.7925098703417
2475,2737.186014379022
2476,1765.9989663257365
2477,2307.9209788355147
2478,1244.0366049556214
2479,1688.8123639124933
2480,1946.2726280550305
2481,758.9453252830754
2482,68.86341014758364
2483,566.6811922391789
2484,-1653.1550865589343
2485,981.297155565997
2486,-493.99327440985144
2487,103.62654332147213
2488,-834.5566768784993
2489,-304.38641678506247
2490,3413.0247929895086
2491,2391.027284596563
2492,1977.630275397205
2493,3946.768188209222
2494,4135.349999190821
2495,4934.428433011766
2496,4151.920106694419
2497,5617.254538212921
2498,4101.748166567588
2499,4016.3501948268568
2500,4739.123312555184
2501,3551.3560000298967
2502,10496.410599563065
2503,-2012.1570972612644
2504,-869.9211228810309
2505,-391.75886319742494
2506,-1418.9275115901655
2507,-851.980624118074
2508,-483.2174715528927
2509,1552.3095487556675
2510,96.92411156397793
2511,821.2200265125393
2512,-248.71573818848992
2513,319.05250386189437
2514,3472.513626786975
2515,1908.3453276795044
2516,1547.0697964462597
2517,2088.7800290943196
2518,9036.560418125671
2519,10530.111488202461
2520,8259.973130842242
2521,7427.941721906653
2522,9143.833448902129
2523,7813.3552409135955
2524,10054.209455733146
2525,2665.0097030605575
2526,632.4585165502322
2527,1619.7896262606082
2528,2300.8952924161713
2529,1102.0274589863366
2530,2932.885913702423
2531,2338.8431715152365
2532,12285.915696996164
2533,9901.820025950325
2534,550.5333059990771
2535,881.6682840181275
2536,-312.88096281156686
2537,23.351088361498114
2538,790.0375680222496
2539,261.6618971611788
2540,2165.0593444610313
2541,3985.729768298901
2542,2902.711086677762
2543,1793.0912266080886
2544,2601.5344172653313
2545,1808.1332112366654
2546,-28.009737346586917
2547,449.72650846864053
2548,931.3095244761498
2549,878.0283059811227
2550,1192.9819836636561
2551,-975.598980661558
2552,11724.020298595178
2553,9345.266508757904
2554,8627.068892039017
2555,1412.867096336522
2556,1910.1667446661268
2557,-127.11682856158586
2558,775.1293821431682
2559,1368.2630066227466
2560,4523.8791252544215
2561,2660.6623487837787
2562,3104.682180025775
2563,2013.5846063675963
2564,3528.5542266815064
2565,2102.0315471885624
2566,2629.0346880579564
2567,2173.6122032992207
2568,8040.432323614888
2569,8754.932699177214
2570,7926.11889051945
2571,12080.635082669396
2572,13059.734539294079
2573,10540.262179562149
2574,7829.434788807335
2575,3184.6249696695704
2576,2819.3382604935505
2577,1796.6131178632459
2578,2053.073484784127
2579,2777.8109390857426
2580,1681.411466211146
2581,9168.548252282904
2582,5124.235066699195
2583,3688.927071977454
2584,4434.421657522544
2585,11013.824710293995
2586,10043.152319954328
2587,8344.589305821679
2588,-919.4350617738746
2589,1254.7740731805243
2590,541.1610633553464
2591,148.57735721965946
2592,850.4483160845339
2593,1357.632197031111
2594,-270.86184119286554
2595,1577.0933601253455
2596,221.14143957707347
2597,908.8463861078526
2598,-72.38790987092216
2599,375.42995426412017
2600,8938.001864976395
2601,8207.266337449488
2602,-835.1175553692701
2603,125.00724029105186
2604,-814.8782386335952
2605,-1663.8364683943073
2606,8334.10612262295
2607,11515.81404583013
2608,10117.634488861526
2609,12366.468744416909
2610,11495.363802532227
2611,10008.312369746955
2612,1509.3992249387375
2613,48.6301945463274
2614,594.0149647765138
2615,1228.8478835093629
2616,11061.498571370956
2617,10088.516374211102
2618,8556.92373141518
2619,9160.08274523469
2620,11390.64307351487
2621,10384.331116056053
2622,8876.179336919391
2623,1776.8590220823462
2624,3843.738011107893
2625,2452.5827566777916
2626,3304.198297616884
2627,8474.16336338412
2628,3131.937495019145
2629,3685.80591210728
2630,2684.225263049986
2631,2006.7054636977482
2632,4147.059678838159
2633,2687.353941854759
2634,3380.9981798747976
2635,6766.505464685411
2636,9468.57895577747
2637,2840.2096508749055
2638,2832.9893336651294
2639,4637.626191356703
2640,1695.516108392505
2641,11349.567718244814
2642,12287.103732537593
2643,11329.314185399386
2644,9798.97372860178
2645,4882.178617989539
2646,3479.1954644788675
2647,4056.648879708482
2648,11117.680350688768
2649,9764.89602847864
2650,10450.932632399587
2651,9470.901652256369
2652,8118.0410628384525
2653,2908.728012768919
2654,3886.3527396474055
2655,2458.116542051175
2656,1259.3435256192824
2657,-403.5273363990782
2658,-326.71474720921105
2659,9431.627449583062
2660,10726.366960023197
2661,8321.284196490928
2662,-539.454253193715
2663,-2229.4890338925507
2664,-16.234539290446264
2665,-561.9750033273922
2666,-1552.2512070441662
2667,2789.728654626513
2668,3255.243031148839
2669,3489.7333409826424
2670,2144.882664457542
2671,2319.9901769287826
2672,1971.684475170081
2673,719.3903588228895
2674,1271.1488700942318
2675,154.8017053411604
2676,821.2168269424365
2677,11121.317346711343
2678,3394.7791147121097
2679,4215.953939757583
2680,2741.7055812832004
2681,3216.58068951733
2682,9168.042098308313
2683,7852.493999749793
2684,8346.018947879584
2685,10140.660264459564
2686,7844.78795826884
2687,3296.475251620439
2688,3725.5866328956
2689,4124.785035255933
2690,7531.114424691008
2691,8969.62907278011
2692,278.6922215357772
2693,501.7023983392355
2694,-175.06061608710297
2695,-1291.5631651903823
2696,1716.7603823388126
2697,2250.737123292227
2698,2232.9628323284487
2699,1933.197745131005
2700,833.0274546440305
2701,2310.443621909537
2702,11413.851397965509
2703,11904.624125688382
2704,12382.309094382877
2705,10963.306887193488
2706,11477.80467400916
2707,3660.2744554336095
2708,4550.776619136428
2709,3756.644044603425
2710,-475.88522002915124
2711,1403.640390162367
2712,1783.345660476578
2713,-372.34526285589527
2714,534.8586830958229
2715,5017.12424781972
2716,4705.030300683757
2717,4017.3429671577433
2718,1967.088566043105
2719,2369.8075286728235
2720,944.4187219078885
2721,1507.1214349973889
2722,-235.47745172059876
2723,278.77882901655903
2724,-1219.4208070521163
2725,2096.42298779275
2726,2608.603873356049
2727,1028.3620748984504
2728,1700.8606332970812
2729,2305.4752595196915
2730,1528.7626865858401
2731,12860.228662784435
2732,10904.8969729971
2733,10460.156753524174
2734,10851.84822718806
2735,8761.783349791258
2736,4186.2311606439835
2737,2617.482360147307
2738,3146.2688896390137
2739,1514.9246822337445
2740,9471.373747668178
2741,10139.06451302791
2742,5644.369158388199
2743,528.7774635850255
2744,1053.8677589260005
2745,-372.4974940952452
2746,8923.083395960784
2747,9938.83072262658
2748,8471.9642980161
2749,8975.318442311269
2750,9497.358612278942
2751,1492.247602529962
2752,-21.326222667266848
2753,1957.161448351846
2754,344.0406840188043
2755,1152.2929440359221
2756,509.28177735429927
2757,2294.586161411833
2758,1426.1045672449363
2759,3147.1908684002738
2760,2236.936130113878
2761,1307.0474228437597
2762,1948.3014159331324
2763,10877.950856383812
2764,9080.138599694495
2765,8130.354501274069
2766,302.1769372716699
2767,935.2794567818564
2768,-1105.5473799152533
2769,-596.8400781698874
2770,7884.354511178193
2771,12011.227324035288
2772,11049.411713464253
2773,5745.0989787037615
2774,2696.8451819962174
2775,3138.712561087479
2776,3764.3432489555234
2777,1679.2743255581772
2778,1913.6336109580807
2779,2466.1920383783727
2780,1144.771702509901
2781,1673.7657963370875
2782,752.0144288469783
2783,9583.383460236677
2784,8082.3084956907405
2785,1694.0950647396057
2786,687.7863188595911
2787,1861.3732816704214
2788,785.4999344350254
2789,1228.7372923701005
2790,12363.124177215783
2791,11526.550462127145
2792,10870.69651225364
2793,10576.808207921604
2794,10054.56471637951
2795,11164.608380314874
2796,10313.499633771526
2797,8863.639154984823
2798,2322.925125163303
2799,2894.1494055106705
2800,1876.352876147721
2801,2384.7543849787144
2802,10405.321203255304
2803,3913.6219384545984
2804,3883.350849032304
2805,2391.98674066276
2806,3059.111373442902
2807,4903.9612680545215
2808,3588.2180049414674
2809,3508.5868119487313
2810,4293.147643139226
2811,3671.076749676791
2812,7702.000652335653
2813,1480.633028763994
2814,1387.7283843045589
2815,375.13526010332134
2816,968.954877488075
2817,2624.1725608284214
2818,-660.4386735232547
2819,2796.905957807823
2820,550.7771100460523
2821,1718.1793925960264
2822,2745.6104810347642
2823,1265.6139132023345
2824,1857.7031882254123
2825,1481.030032350398
2826,5441.551335796175
2827,-338.5874779400874
2828,207.18261186650125
2829,-233.67418562545208
2830,-1410.2693652496819
2831,5516.115203922174
2832,5270.708235664482
2833,4129.709482135513
2834,4643.284839307817
2835,6399.240679864783
2836,8451.024808446033
2837,11732.290269236211
2838,12857.07168107921
2839,10306.205696904331
2840,10947.000313423945
2841,3335.5543830570205
2842,3936.5095103384847
2843,4179.7631207047525
2844,2893.7152443104533
2845,2376.6265400633747
2846,1071.0503452543308
2847,3280.528318672161
2848,2471.667618554555
2849,2063.359127928743
2850,7775.811378288989
2851,9051.705453143019
2852,8826.168315073162
2853,9045.700284708088
2854,11080.128353845774
2855,10151.300988609828
2856,8559.450658732756
2857,9198.220982576942
2858,1050.2341736797316
2859,417.47243454536147
2860,1128.4287761475825
2861,641.7828978417492
2862,4934.602313871106
2863,2811.0237349017334
2864,3877.799240820663
2865,9995.997341278957
2866,6810.773674794524
2867,3913.811157761116
2868,4878.132956863108
2869,3304.013733011445
2870,3924.4707767860637
2871,9302.073910412877
2872,3928.969383983018
2873,2244.138206012063
2874,8806.795212136432
2875,3891.579818340684
2876,4839.766998124156
2877,3291.911220377224
2878,4006.295559430506
2879,849.5631889414944
2880,1377.5688565917117
2881,1818.923595439319
2882,907.9014692790006
2883,556.8960164968557
2884,12182.65900574513
2885,11290.166173980355
2886,9772.291373638407
2887,3583.7000699536657
2888,8229.736326688802
2889,9542.307633350098
2890,3417.4666983142197
2891,2868.250668414701
2892,3941.7253195328194
2893,3928.709266181202
2894,2504.1534733100634
2895,3425.524497175731
2896,3516.6751312119413
2897,10244.706991568464
2898,7656.381106618544
2899,3231.021850777568
2900,4049.1521324727
2901,3897.901927009607
2902,2639.19259643013
2903,5079.640640854512
2904,3692.946132380079
2905,794.6748202844465
2906,3637.382681546511
2907,2070.6142573462057
2908,-1366.5264423171393
2909,948.9752763658144
2910,-431.11165834476196
2911,-1163.0255142212773
2912,-2178.2955468864566
2913,-1763.6261783836126
2914,4004.4636586374654
2915,8565.747604754335
2916,6522.078517179187
2917,8350.341277847096
2918,904.0143492660172
2919,1504.4182673876458
2920,-3.149316249298863
2921,1060.0750357630968
2922,-57.43315022123352
2923,667.203643685807
2924,7775.286298560648
2925,8955.243266602487
2926,7864.808214280765
2927,3198.149419852911
2928,1566.9284387633634
2929,3568.727899559355
2930,2009.5248301130014
2931,2495.7010013810905
2932,1590.9089488542304
2933,2268.0584487936394
2934,2009.3199471607295
2935,373.338274034817
2936,2731.2490122203053
2937,1192.2809903539855
2938,938.6075324918784
2939,1541.885330544279
2940,8946.768474725413
2941,7681.209370759832
2942,11400.479714318351
2943,11689.231552342095
2944,10361.704815259578
2945,11042.169053678179
2946,9828.252054460812
2947,10493.549816254828
2948,5383.147973507745
2949,3999.887202475322
2950,4393.109197731836
2951,9702.418149009376
2952,116.97167252718282
2953,-276.8034110909575
2954,-1244.7474680098749
2955,4495.062705525659
2956,3254.7471112433523
2957,3744.861023594949
2958,8873.712186427787
2959,8838.436423304614
2960,12021.707406487056
2961,11054.167194942243
2962,9657.894643569285
2963,10078.707772893842
2964,9446.209439563278
2965,11327.065919112481
2966,10416.570408396497
2967,9451.68223070028
2968,170.6207801301789
2969,-844.8721524712746
2970,-236.87162748869378
2971,271.3971431221544
2972,-1239.2223399168215
2973,-683.0188383992827
2974,11002.189110789875
2975,10223.450666184775
2976,9490.569462794385
2977,1355.9495035203436
2978,1533.3680208479236
2979,306.1201929502531
2980,678.3067502756239
2981,4505.659236711526
2982,3291.827585465504
2983,950.0219366998281
2984,1335.7421034099207
2985,516.1696166796974
2986,-111.22469076047128
2987,2949.091572262838
2988,4018.765325709148
2989,406.2599224726655
2990,1313.7775169116321
2991,-38.325852810208744
2992,6578.39233266528
2993,12663.909138766392
2994,11710.947302900697
2995,10368.556651557063
2996,-1340.1456213252059
2997,1078.6337477279048
2998,-220.8801274056459
2999,288.26442077205866
3000,-764.6992359854303
3001,-25.960512011944957
3002,9871.32033193134
3003,7351.085873258526
3004,-1784.8825833834635
3005,-1280.2193483376905
3006,-1041.8214145904421
3007,-1657.771534585012
3008,-2875.307942758227
3009,-2305.046445556316
3010,12028.696260720457
3011,11171.430589691348
3012,9686.542980965794
3013,2060.487809953662
3014,2887.937113002561
3015,1125.0309329695629
3016,3086.363687363355
3017,1638.641721596723
3018,2097.4062524487454
3019,1079.3350884312931
3020,12322.36081679756
3021,10804.305678963856
3022,11539.175985012116
3023,3441.7912001965415
3024,3990.4914323527228
3025,4274.858756681297
3026,2811.821878180468
3027,7417.9092851225905
3028,8949.168521793235
3029,612.7275344955488
3030,1125.0019972070477
3031,-449.22678812501545
3032,1528.396578718679
3033,5114.684090781382
3034,7158.977840837742
3035,-52.41648442131918
3036,-1190.488808423499
3037,13003.878822041244
3038,12045.238096688297
3039,10640.69158408573
3040,9189.932279149754
3041,4066.7352491708334
3042,4477.161534678478
3043,3373.9429671014113
3044,10432.708900554377
3045,8503.78290432991
3046,4556.741676205977
3047,3682.502017629853
3048,5268.241700760238
3049,3037.6956312018265
3050,1054.0863391911334
3051,3413.9297199953035
3052,2485.4635577560803
3053,10625.998033463386
3054,11012.978404132447
3055,11173.015556253837
3056,12250.397238532356
3057,11353.414225954419
3058,10418.212023258584
3059,3309.0306070302213
3060,4226.873999244181
3061,2647.9595476935865
3062,3445.302522586244
3063,4547.299901977898
3064,3146.8538892993456
3065,3786.97801218526
3066,10400.88844630874
3067,10594.897089403106
3068,10327.532546794539
3069,9548.91637553857
3070,5505.068130247313
3071,4843.921636438616
3072,8870.640391348556
3073,1834.1673865871417
3074,2285.932898377072
3075,2653.7719898597534
3076,1975.1307156245748
3077,10507.65827251366
3078,8822.650607707124
3079,6296.072589196447
3080,12045.090639718712
3081,11084.73299621645
3082,9702.460015632416
3083,-127.76975679877069
3084,-2044.6199501560113
3085,384.0023227849233
3086,-1032.92289769942
3087,-513.046890648191
3088,-915.9408813501759
3089,10690.100694337541
3090,8222.862591727004
3091,776.8947324608125
3092,1242.0898073759927
3093,1617.1627544955154
3094,68.3259711465289
3095,-178.26068316120654
3096,4306.704497214938
3097,2538.4321477518934
3098,4589.388592984378
3099,3218.5127195654677
3100,3937.6992305097883
3101,5667.964555229602
3102,4233.833563425338
3103,4760.72849422025
3104,3839.166450973644
3105,1258.734143322512
3106,1684.6114018962799
3107,1259.367725306951
3108,3530.546678110677
3109,2256.591593807698
3110,2925.440819936979
3111,675.4704491504453
3112,873.362697540666
3113,-25.111410809135123
3114,-917.6289724736453
3115,3166.3843321299173
3116,3409.963998117364
3117,2013.9349956620354
3118,2707.0197408380955
3119,2163.1435502135355
3120,8826.260162230421
3121,10252.03913102616
3122,8048.909731298205
3123,8629.635556361736
3124,3689.0618577655805
3125,4101.918108881782
3126,2804.260338792279
3127,4480.606920311318
3128,3866.1608460572024
3129,11303.784378368628
3130,8624.09533887052
3131,429.8921524361176
3132,1379.036622209438
3133,-675.1220958673184
3134,1682.2818305408
3135,202.66538688280707
3136,-283.787191431893
3137,5706.741121621642
3138,4306.255832753031
3139,4775.924581203544
3140,245.00991385375528
3141,-150.00631828903352
3142,1106.8877142482197
3143,214.64626262705133
3144,-282.30706385465965
3145,7544.2398023283495
3146,8925.801799156328
3147,5912.889795724077
3148,2903.791711768914
3149,11234.727853122056
3150,12526.142495665028
3151,11497.910368215287
3152,1346.6662727278417
3153,1725.9616870567734
3154,-99.69187238101222
3155,8779.443390965607
3156,3288.0778192774305
3157,3711.795303029434
3158,4642.838156390084
3159,2757.5214633145515
3160,5019.247632273193
3161,4259.042214886122
3162,764.8685432549864
3163,-950.9642857032486
3164,1021.4828497207491
3165,-402.5739788599021
3166,-690.9055570943383
3167,367.81219735696504
3168,11405.67614558061
3169,10999.811345082626
3170,-790.7626797921657
3171,1080.0799493278791
3172,350.0641761121951
3173,-662.6881894555008
3174,8107.047796655836
3175,5706.012547148159
3176,5374.5009488557625
3177,-78.21544566476587
3178,434.18353339916575
3179,-1331.4449140346042
3180,-613.6954279935962
3181,-1193.8832221774937
3182,-521.9539234846379
3183,12331.15632128222
3184,10389.641365988839
3185,7477.396195444606
3186,8740.970091570547
3187,10861.475779963492
3188,11726.942952367364
3189,12427.362513053817
3190,11074.891700084136
3191,10567.630781217846
3192,11145.410561157078
3193,2558.1849124200235
3194,3018.4308690587495
3195,1294.341292547535
3196,3294.6424206811134
3197,1824.5270597897288
3198,1494.5175747694811
3199,2156.0557102321254
3200,44.9276568289788
3201,604.7865509790063
3202,967.6036699030483
3203,-1027.0709362816488
3204,1606.560838912792
3205,559.2192544276368
3206,300.5383026603922
3207,4669.527425242726
3208,3999.8853394126018
3209,5954.287641081864
3210,-138.7104643525381
3211,462.77200605895996
3212,-1395.5149952218671
3213,641.4517231969403
3214,-1059.8198744615838
3215,-476.9655460773065
3216,3430.7804490516282
3217,3153.8458726800745
3218,4001.482372359711
3219,3549.557530691469
3220,3441.6235395741787
3221,5337.136967607414
3222,7496.780912741848
3223,7002.896004403297
3224,3623.4587091656176
3225,2644.0031266704245
3226,3740.7383564696465
3227,3836.155224216378
3228,2767.3671371620803
3229,9723.459067531068
3230,3387.528042243277
3231,4402.1954985168595
3232,1025.1185546112356
3233,7.679049278409366
3234,1014.4927261078083
3235,640.5653782914524
3236,3941.8275590852973
3237,3955.825872071764
3238,2908.3327189358897
3239,5833.055398189095
3240,-27.54973886478183
3241,442.93971068645624
3242,-987.1528007527559
3243,880.0847966562287
3244,-681.964034157787
3245,2253.1495044586154
3246,2733.8932703033606
3247,1830.9167650568597
3248,2300.2518756675017
3249,1261.1987104250766
3250,10900.70030809878
3251,9892.97390258229
3252,1127.6335815953353
3253,1624.9908240784243
3254,2041.381296937714
3255,604.7718274174404
3256,1197.8247631169797
3257,1552.2909711010107
3258,3198.454869475463
3259,3742.2162133490674
3260,3907.2039635208057
3261,3236.2198736335304
3262,-524.7719246911984
3263,-70.21737103482519
3264,-1849.012860751558
3265,-2040.1825426208525
3266,8612.00561291576
3267,570.5754164399405
3268,1447.2115187526724
3269,-132.52642513268074
3270,4872.80082520334
3271,4284.97578353939
3272,8970.687638573938
3273,3221.6794763060643
3274,3851.1244058556367
3275,9240.791720808978
3276,3551.96458412673
3277,4218.837630289192
3278,2806.4181440111315
3279,3557.2645559328557
3280,3232.8229602417014
3281,3745.322637099227
3282,3759.457125873436
3283,1252.5480583960125
3284,1826.9747271018095
3285,247.20660532715556
3286,2178.6970036384446
3287,1419.2219654498695
3288,11.68002969020381
3289,765.7770184753572
3290,1364.0480074134866
3291,3874.5441882399355
3292,3049.6414541057384
3293,1617.1783979764114
3294,1969.015100988836
3295,2798.629020455832
3296,2108.087639726513
3297,2304.330821655629
3298,640.9138672722838
3299,1062.927584880992
3300,1150.4431321673183
3301,2466.5926994124675
3302,22.740897514442622
3303,-448.15391104781884
3304,190.32893872788554
3305,955.6147370935469
3306,-340.5612805619676
3307,310.89153346202875
3308,-227.78629256185013
3309,3115.2465698429733
3310,2498.718970379112
3311,3156.6856968598004
3312,1419.5910570880224
3313,3407.454157107739
3314,1867.9544621565656
3315,1418.113312247413
3316,12016.482951299136
3317,10979.462185600261
3318,4042.8673593002677
3319,1390.2842815754084
3320,483.2890757264031
3321,787.4056738251238
3322,1390.0424837890569
3323,9618.961384960294
3324,12824.16841461479
3325,11548.607597273409
3326,10455.646950144506
3327,10997.275520857655
3328,2165.1887204262566
3329,2988.5921581561815
3330,1511.096510696938
3331,9866.042961488369
3332,4755.944134997728
3333,3832.1786295383536
3334,2840.844352115775
3335,3346.8501155535887
3336,3983.177549148866
3337,8896.198028756338
3338,9970.02899716799
3339,5615.6960059888515
3340,2885.7233556100655
3341,1182.7268545014558
3342,3734.2434991458686
3343,3035.7274649499777
3344,10435.243198346348
3345,8362.147494203527
3346,12045.256720334406
3347,11154.985185767588
3348,9562.29837857905
3349,10307.616468856137
3350,9576.8832051184
3351,7369.806194020719
3352,34.84961451559866
3353,-331.5691319197613
3354,314.94562635941475
3355,5045.1371897348545
3356,3678.6572643641994
3357,4418.934117153141
3358,527.1674600310653
3359,955.7758151802118
3360,1461.7424029493923
3361,-386.66017093908886
3362,118.87833315641547
3363,1453.323648290545
3364,1677.5646606588416
3365,348.7658210937443
3366,853.7081117547386
3367,2049.2200400367656
3368,101.04169624319911
3369,1736.6595563174815
3370,1219.0442778857105
3371,9426.406212821006
3372,10003.195700870008
3373,3269.7771062630454
3374,3859.910105119652
3375,4060.1288059170984
3376,3452.2483690513145
3377,-128.1134424124757
3378,-49.000549647058506
3379,8129.4881899459215
3380,9953.207822234896
3381,10742.216357153704
3382,9060.67096622182
3383,6816.755330659598
3384,6114.612915655536
3385,13326.52035361095
3386,12299.990677532633
3387,11235.969899184589
3388,11903.085761703156
3389,11334.741971264493
3390,2538.9175291781976
3391,3088.5284206736324
3392,3371.037154069556
3393,3672.5103247390034
3394,13061.76150393532
3395,12062.5006228452
3396,11069.94984472413
3397,11223.659439073017
3398,5393.986557000782
3399,3529.5758234190907
3400,2460.947089807585
3401,1932.5992376164359
3402,8995.271743110741
3403,13103.676110442333
3404,11871.026234578427
3405,10641.545429923068
3406,8941.067171822215
3407,5044.605584316236
3408,4222.621452697302
3409,59.8326592949561
3410,572.9558792017633
3411,-1462.7385312302722
3412,-488.60852570843053
3413,-236.09402095190308
3414,2002.7442812941117
3415,2573.936269514623
3416,1451.813508271578
3417,2607.1439356324154
3418,2862.7652048978707
3419,1586.1847360151296
3420,2059.747465507826
3421,1677.57444503847
3422,11107.76322874633
3423,9180.920033166934
3424,2753.12218692245
3425,3224.786186931193
3426,3590.89236083542
3427,2158.646746850245
3428,2964.876767311358
3429,9256.61419550475
3430,8082.900026122454
3431,7280.560139405643
3432,9311.861166997798
3433,6922.2463700118315
3434,1149.6429989041426
3435,1809.6127036136022
3436,8005.698867507439
3437,8665.169367079128
3438,1432.5827561354854
3439,1860.0574634567856
3440,1015.6601168800989
3441,144.46340054392203
3442,4071.6060149124132
3443,4616.373291055919
3444,4128.947689720775
3445,4007.372008566319
3446,11304.912548888207
3447,12342.133201232633
3448,11248.600370848044
3449,9770.572367725981
3450,5086.143905619985
3451,3677.998379130462
3452,4501.437090978285
3453,2516.448095953063
3454,8212.248188777317
3455,5935.5667696313285
3456,11713.852878124946
3457,9844.768536636282
3458,5919.127284994658
3459,9582.539740207761
3460,9820.563890922975
3461,9562.649916610048
3462,844.6761877734061
3463,470.1892225187694
3464,-666.0840822927203
3465,1265.486294672115
3466,4363.987878877189
3467,2916.6396777255068
3468,3451.737561818267
3469,9803.42038276268
3470,9284.487279712659
3471,7800.45052574671
3472,12458.206080489823
3473,11661.300734344733
3474,10235.76979949776
3475,10177.150489453792
3476,8339.412555900206
3477,3477.1328192825713
3478,4312.903600311856
3479,2936.879468073319
3480,3603.5658251295463
3481,-563.6177414896483
3482,651.6876833875867
3483,-94.62710836234692
3484,-1242.321328537495
3485,-758.2672940090924
3486,5182.8380339788055
3487,-1710.6123341853272
3488,908.1914471427554
3489,-2139.9254714842536
3490,-1449.3875182789925
3491,8708.208937393483
3492,503.1004743396006
3493,990.106417338935
3494,-923.8493532280991
3495,1395.0964884661007
3496,11.778709470694594
3497,557.8222414503871
3498,-380.8579997979905
3499,9155.15368829557
3500,-586.8202486548507
3501,331.83253326311024
3502,-1135.5775903136673
3503,-592.9760956884784
3504,-1538.6348592102913
3505,-836.0610754407535
3506,3652.0508340848864
3507,4455.2164804654785
3508,1996.0749897578498
3509,2759.265814075752
3510,11979.97780658259
3511,11173.928249531242
3512,9564.031781030586
3513,10141.178428784737
3514,330.2237721719539
3515,8.257131766036764
3516,527.9318969420747
3517,-366.6420832536023
3518,-1352.1771152748697
3519,10058.793198582642
3520,8698.302215095151
3521,9221.633430815262
3522,4429.686842990435
3523,5164.22778900923
3524,3989.9419140998616
3525,4678.051716792175
3526,4366.380280289861
3527,11630.747426466705
3528,12201.071199922257
3529,10037.996086168863
3530,8562.43958811746
3531,9420.889942679998
